board_name,title
baseball,[分享] 阪神電鐵放棄「巨人橘」新車改用朱紅色
baseball,[新聞] 紅人隊農場總監看好林盛恩二刀流發展
baseball,[新聞] 大專棒聯一般組》歷史性的一刻 中央大
baseball,[新聞] 林盛恩挑戰大谷模式 台灣職業層級二刀流
baseball,[新聞] 陳傑憲迷注意！　央行：12強奪冠紀念鈔
baseball,[新聞] wcy-古林睿煬火球震撼日本球迷：帥炸！
baseball,[新聞] 日職》佐藤龍世睡過頭遭下放三軍 西武監
baseball,[討論] 一棒腿哥 二棒推進 九一連線
baseball,[分享] 今日馬傑森
baseball,[新聞] 日職》軟銀台灣19歲火球男 張峻瑋二軍登
baseball,[新聞] 中職／林立一棒終結宇宙邦！延長10局再
baseball,[分享] 今日黃子鵬
baseball,[分享] miguel cabrera 現身老虎春訓基地
baseball,[分享] 山岡泰輔
baseball,[新聞] 朗希有「獨角獸魔球」 專家剖析怪物指叉
baseball,[新聞] 悍將名單出現日本選手名！　球團透露
baseball,[分享] 田中幹也 完成左手鉤狀骨摘除手術
baseball,[分享] 2025樂天桃猿開季應援商品組(新增猿氣)
baseball,[分享] 今日魔力藍
baseball,[新聞] spc-身後有重砲打線　lindor想提高盜壘率
baseball,[新聞] mlb》42歲塞揚名投韋蘭德熱身賽3場防禦率2.45 讓巨人教頭讚
baseball,[新聞] mlb》去年曾任開幕戰先發 紅襪貝洛開季待傷兵名單
baseball,[新聞] 今永昇太旅美自爆「水土不服」 吐槽1窘事
baseball,[分享] mlb帽子是否也挺幽默
baseball,[情報] 2025中華職棒二軍例行賽  賽程
baseball,[新聞] 去年膝傷整季報銷 成晉有信心趕上開季
baseball,[新聞] 中職》熬過將近3年的自培歲月 温展樂力
baseball,[新聞] 張峻瑋春季教育聯盟登板擔任終結者 韓職
baseball,[問題] 八角塔中華職棒音樂會 周邊商品
baseball,[新聞] mlb》裴智桓敲兩支長打、春訓打擊率4成55
baseball,[討論] 當年輸給法國有多讓人震驚？
baseball,[新聞] 日職／佐藤龍世睡過頭被下放三軍 西武監
baseball,[新聞] 大專棒聯一般組》隊史第1次！ 台北科大將與中央大學爭冠
baseball,[分享] 棒球分析師lance再次評論佐佐木朗希
baseball,[新聞] 古林睿煬直球威力驚人！羅德打者斷棒
baseball,[情報] 林立 再見安打
baseball,[情報] 樂天桃猿突破僵局制首勝
baseball,[分享] 今日嘉義市人數 官辦熱身賽d1
baseball,[分享] cpbl熱身賽戰績
baseball,[情報] 今日林立&富邦悍將
baseball,[公告] 水桶公告*13
baseball,[新聞] wcy-林立延長賽再見安打！富邦悍將不敗
baseball,[新聞] 中職／林立延長賽再見安 斬斷悍將自辦賽
baseball,[分享] 栗原陵矢 右側腹傷
baseball,[新聞] 中職》兄弟核彈頭張志豪開轟 呂彥青9下
baseball,[live] npb熱身賽　 歐力士 v 中日
baseball,[live] npb熱身賽　 巨人 v 軟銀
baseball,[分享] 文杰出院了
baseball,[live] cpbl熱身賽#01 富邦 vs 樂天 @嘉義市
stock,[新聞] 美中科技冷戰揭幕　供應鏈轉移現在進行式
stock,[新聞] 外資喊多雙雄 台積電目標600 聯電45
stock,[新聞] 最新！川普政府考慮對螞蟻集團、騰訊支付系統祭出限制
stock,[公告] alanwon 1-2-3 4-4
stock,[標的] 3138
stock,[新聞] 突發！傳美國或製裁長電、華天等封測大廠
stock,[標的] 有利多消息華航今天為什麼會跌
stock,[標的] 元大台灣50正2 空
stock,[新聞] 穩懋9月營收 攀今年新高
stock,[新聞] 出口商哭哭！台幣早盤強升2.64角逼近28.7
stock,[新聞] 中環取得大立光普通股股票之公告
stock,[新聞] 突破封鎖！ 華為求生戰 找到下個百億美
stock,[新聞] 元大原油正二風暴　黃天牧：有下市疑慮卻
stock,[新聞] 產金分離為何卜蜂不行、寶佳可以？金管會
stock,[其他] 普生(4117)9月營收資料(單位千元)
stock,[新聞] 風力發電布局搶先看 跳脫舒適圈的轉型股
stock,[新聞] 無畏華為禁令 京元電第3季營收站上歷年
stock,[標的] 興富發 多
stock,[請益] 如何抓上櫃歷史股價?
stock,[其他] 109年10月07日信用交易統計
tech_job,[公告] 板規修改
tech_job,[公告] 發文限制問題
tech_job,[公告] 食衣住行與內幕文問題
tech_job,[公告] 常見問題整理
tech_job,[閒聊] 被資遣注意事項!!!
tech_job,[公告] tech_job板規
tech_job,[公告] 新的標題分類
boy-girl,[求助] 沒有吵架的冷淡疏遠
boy-girl,[求助] 8月要徹底離開台灣 1月要去辦羅國簽
boy-girl,[討論] 你會選擇逃避還是找出真相
boy-girl,[討論] 主管在辦公室打手機跟未婚妻撒嬌
boy-girl,[討論] 想知道有多少人是年末分手
boy-girl,[討論] 現實中真的有可能互相喜歡可是沒有在一
boy-girl,[討論] 疙瘩能隨時間而消失嗎？
boy-girl,[討論] 為什麼婚禮的花費大都由男方買單
boy-girl,[討論] 女生素顏美才是美
boy-girl,[討論] 「下次換我請」是一個好的判斷句嗎？
boy-girl,[討論] 請問男生每天line說早安晚安的意思?
boy-girl,[討論] 認識女生的自我介紹
boy-girl,[心情] 妳很愛他，但妳也要愛自己
boy-girl,[求助] 該追（等）下去嗎？
boy-girl,[求助] 女生通訊軟體封鎖的心態？
boy-girl,[討論] 挑食or吃素算難搞嗎？
boy-girl,[求助] 主動給女友操作封鎖刪除曖昧對象
boy-girl,[求助] 與前女友的關係
boy-girl,[討論] 過年回哪一方家
boy-girl,[討論] 很多人是不是不會告白？
boy-girl,[討論] 愛情可以改變一個人？
boy-girl,[討論] 相親結婚的比例高嗎?
boy-girl,[討論] 男人對結婚的意義是什麼
boy-girl,[討論] 結婚到底是為了甚麼?
boy-girl,[求助] 訊息回覆非常慢，又約不出去該怎麼辦
boy-girl,[討論] 不說卻要求能懂
boy-girl,[討論] r: 遇到什麼契機讓你下定決心分手
boy-girl,[求助] 喜歡的男生ig都追蹤比基尼辣妹?
boy-girl,[討論] 有復合成功的案例嗎
boy-girl,[討論] 叫別人女神是什麼心態
boy-girl,[求助] re: [求助] 喜歡的男生ig都追蹤比基尼辣妹?
boy-girl,[求助] 火車上看到一個像剛哭過的妹子，該上嗎?
boy-girl,[求助] 請問女友這樣是膩了嗎
boy-girl,無
boy-girl,[討論] 男生會排斥離過婚的女生嗎?
boy-girl,[討論] 在交友軟體遇到女生被偷拍怎麼辦呢
boy-girl,[討論] 會介意對方因工作不常在身邊嗎
boy-girl,[討論] 想請問是哪邊的問題比較大
boy-girl,[討論] 笑點低算不算優點
boy-girl,[討論] 發生關係後吸引力會下降
boy-girl,[討論] 同居感情會更深刻嗎?
boy-girl,[討論] 抽中名貴精品適合送喜歡的女生嗎
boy-girl,[討論] 現在都是女生脾氣差難搞
boy-girl,[求助] 男友覺得自己是公主，有什麼該注意的嗎
boy-girl,[求助] 這樣算沒有共識嗎?
boy-girl,[討論] 可以接受對方整過型嗎
boy-girl,[討論] 有人會知道並承認自己眼高手低嗎
boy-girl,[討論] 有人分手後鬆了一口氣嗎
boy-girl,[討論] 已婚男子有特別的吸引力嗎??
boy-girl,[討論] 遇到什麼契機讓你下定決心分手
boy-girl,[討論] 交友軟體大家也這樣嗎
boy-girl,[討論] 是否不該對感情太投入
boy-girl,[討論] 詐騙的定義
boy-girl,[討論] 可以接受另一半的謊言嗎
boy-girl,[討論] 不被愛的才是第三者
boy-girl,[求助] 交友軟體花錢?
boy-girl,[討論] 有人因為長相而被分手的嗎
boy-girl,[討論] 男生做家事和做菜哪個更加分
boy-girl,[求助] 告白後被拒絕該如何解
boy-girl,[討論] 開野馬還被拒絕
military,[情報] 關於近日烏軍擄獲的俄軍車輛一則趣聞
military,[情報] 澤倫斯基：馬城守軍不願放棄死傷者而去
military,[情報] 情報數則
military,[新聞] 俄侵烏克蘭 日學者：讓中國知武力犯台代
military,[情報] 烏軍在卡爾科夫近郊作戰片段
military,[分享] 白俄羅斯義勇軍正式加入烏克蘭軍隊
military,[情報] 亞塞拜然要求俄軍退出納卡地區
military,[分享] 烏克蘭步兵使用大疆無人機作戰
military,[情報] 烏克蘭奪回紮波羅熱東南的兩個據點
military,[新聞] 烏克蘭宣布光復東北邊城 俄軍棄甲逃脫
military,[情報] 澤倫斯基：缺乏能解救馬里烏波爾的裝備
military,[情報] 洛克希德馬丁：每年可生產6480發標槍